{"entities":{"pages":{"starter":{"id":"starter","title":"Introduzione alla Documentazione Java","url":"starter.html","level":0,"pages":["Fondamenti-di-Java","Programmazione-Orientata-agli-Oggetti-OOP","Librerie-e-API-Java","Interfacce-Grafiche-GUI","Database-e-Persistenza","Applicazioni-Avanzate","Documentazione-Java"],"tabIndex":0},"Fondamenti-di-Java":{"id":"Fondamenti-di-Java","title":"Fondamenti di Java","url":"fondamenti-di-java.html","level":1,"parentId":"starter","tabIndex":0},"Programmazione-Orientata-agli-Oggetti-OOP":{"id":"Programmazione-Orientata-agli-Oggetti-OOP","title":"Programmazione Orientata agli Oggetti (OOP)","url":"programmazione-orientata-agli-oggetti-oop.html","level":1,"parentId":"starter","tabIndex":1},"Librerie-e-API-Java":{"id":"Librerie-e-API-Java","title":"Librerie e API Java","url":"librerie-e-api-java.html","level":1,"parentId":"starter","tabIndex":2},"Interfacce-Grafiche-GUI":{"id":"Interfacce-Grafiche-GUI","title":"Interfacce Grafiche (GUI)","url":"interfacce-grafiche-gui.html","level":1,"parentId":"starter","tabIndex":3},"Database-e-Persistenza":{"id":"Database-e-Persistenza","title":"Database e Persistenza","url":"database-e-persistenza.html","level":1,"parentId":"starter","tabIndex":4},"Applicazioni-Avanzate":{"id":"Applicazioni-Avanzate","title":"Applicazioni Avanzate","url":"applicazioni-avanzate.html","level":1,"parentId":"starter","tabIndex":5},"Documentazione-Java":{"id":"Documentazione-Java","title":"Documentazione Java","url":"documentazione-java.html","level":1,"parentId":"starter","pages":["spadaTommasoProdottoMatriciJTextArea-Documentazione"],"tabIndex":6},"spadaTommasoProdottoMatriciJTextArea-Documentazione":{"id":"spadaTommasoProdottoMatriciJTextArea-Documentazione","title":"Prodotto Matrici JTextArea - Documentazione","url":"spadatommasoprodottomatricijtextarea-documentazione.html","level":2,"parentId":"Documentazione-Java","tabIndex":0}}},"topLevelIds":["starter"]}